class_name,f1_score,precision,recall,support
AnnualCrop,0.7441860465116279,0.8888888888888888,0.64,100.0
Forest,0.5919282511210763,0.5365853658536586,0.66,100.0
HerbaceousVegetation,0.6403940886699507,0.6310679611650486,0.65,100.0
Highway,0.6702702702702703,0.7294117647058823,0.62,200.0
Residential,0.08247422680412371,0.23529411764705882,0.05,400.0
River,0.6229508196721312,0.6867469879518072,0.57,100.0
