model,input_resolution,val_accuracy,val_macro_f1,test_accuracy,test_macro_f1,uc_merced_accuracy,uc_merced_macro_f1
ResNet18_Phase1_Frozen,224x224,0.7037568796362766,0.6982563202507381,,,,
ResNet18_Phase2_FineTuned,224x224,0.8880114860014358,0.8860894632928076,0.9239106392391064,0.9225905813216082,0.396,0.335220370304918
